Gender,Age,Annual Income,Profession,Work Experience,Family Size,Spending Score,Spending Category
Male,91,9000,Healthcare,1,5,96,High
Female,59,119833,Doctor,1,2,38,Low
Male,59,97185,Entertainment,0,5,87,High
Female,39,158638,Healthcare,2,5,78,High
Female,74,101352,Lawyer,0,5,36,Low
Female,14,140107,Marketing,6,6,63,High
Male,26,112766,Engineer,8,4,83,High
Female,29,165254,Executive,9,7,7,Low
Female,92,163442,Executive,1,6,32,Low
Male,32,130697,Artist,1,2,93,High
Female,40,54631,Artist,0,6,70,High
Female,5,168110,Doctor,14,6,69,High
Male,86,172477,Entertainment,1,3,69,High
Female,82,62951,Lawyer,8,2,47,Low
Female,51,69388,Engineer,3,4,33,Low
Female,26,64398,Lawyer,1,6,7,Low
Female,19,151382,Lawyer,1,1,38,Low
Male,22,58283,Homemaker,2,4,59,High
Male,23,112089,Healthcare,7,7,74,High
Female,64,175254,Artist,9,5,100,High
Male,65,174432,Artist,0,7,8,Low
Female,87,110870,Engineer,1,4,78,High
Male,16,77902,Artist,1,2,67,High
Male,0,108169,Executive,10,3,24,Low
Female,67,138087,Marketing,1,7,63,High
Female,12,77501,Engineer,5,4,30,Low
Male,94,144192,Healthcare,0,3,34,Low
Male,68,110195,Homemaker,9,2,47,Low
Male,13,150258,Doctor,0,3,17,Low
Female,30,86000,Artist,3,3,73,High
Female,1,57000,Engineer,1,2,93,High
Male,53,57248,Lawyer,5,5,66,High
Female,71,64310,Marketing,2,1,43,Low
Male,8,148450,Healthcare,0,6,55,High
Male,33,97000,Artist,1,2,60,High
Male,18,129260,Doctor,1,3,11,Low
Male,17,116822,Doctor,1,3,84,High
Male,54,56215,Healthcare,10,4,34,Low
Male,16,150193,Engineer,2,2,83,High
Male,68,13000,Healthcare,6,5,43,Low
Female,93,62590,Artist,9,6,43,Low
Male,22,107941,Artist,0,1,61,High
Male,10,164214,Lawyer,0,4,77,High
Female,12,108027,Artist,13,5,64,High
Male,63,113605,Artist,3,3,42,Low
Female,84,182374,Entertainment,0,6,62,High
Female,59,163179,Healthcare,1,7,19,Low
Male,9,151902,Artist,0,2,18,Low
Male,39,100419,Artist,5,4,19,Low
Male,28,179911,Engineer,1,1,24,Low
Male,36,99000,Artist,5,2,92,High
Female,20,113767,Artist,6,2,88,High
Female,38,166644,Artist,8,6,66,High
Male,34,66000,Lawyer,1,2,1,Low
Male,96,67799,Entertainment,1,6,42,Low
Female,64,59088,Artist,1,3,31,Low
Female,58,80000,Executive,0,5,15,Low
Female,15,81138,Healthcare,9,7,86,High
Female,54,70803,Entertainment,0,5,35,Low
Female,53,117123,Artist,9,7,23,Low
Male,18,9000,Entertainment,0,2,59,High
Male,36,88565,Healthcare,1,5,16,Low
Female,21,82000,Doctor,1,2,42,Low
Male,75,172309,Executive,4,1,82,High
Male,70,56432,Engineer,0,5,23,Low
Male,84,163818,Engineer,2,1,27,Low
Male,82,121610,Artist,0,5,36,Low
Female,6,146776,Lawyer,1,7,83,High
Male,34,90000,Artist,6,3,90,High
Male,4,96543,Artist,9,1,60,High
Male,62,71795,Healthcare,8,1,87,High
Male,91,93762,Artist,15,7,28,Low
Male,20,184324,Marketing,13,5,51,High
Female,70,153821,Marketing,1,4,8,Low
Female,83,166650,Healthcare,1,3,99,High
Female,69,104160,Engineer,4,4,77,High
Female,91,189974,Engineer,8,1,37,Low
Female,31,149379,Lawyer,0,3,100,High
Female,47,8000,Artist,7,2,16,Low
Female,54,79925,Healthcare,0,3,30,Low
Female,93,151468,Artist,1,5,41,Low
Female,14,76001,Artist,7,3,46,Low
Female,38,71000,Doctor,1,5,42,Low
Female,71,74696,Doctor,1,6,41,Low
Male,38,174594,Executive,8,2,56,High
Male,25,4000,Healthcare,3,4,73,High
Female,48,157003,Engineer,5,4,45,Low
Male,6,93186,Entertainment,1,3,83,High
Female,13,88960,Entertainment,13,3,2,Low
Female,68,171761,Doctor,1,6,59,High
Male,49,86000,Healthcare,10,2,56,High
Male,97,156812,Healthcare,0,6,77,High
Female,40,113739,Artist,5,7,93,High
Female,26,117454,Healthcare,16,2,8,Low
Male,79,66051,Healthcare,1,7,75,High
Female,21,123904,Artist,7,5,91,High
Female,57,97468,Artist,0,1,22,Low
Male,81,71543,Entertainment,1,4,1,Low
Female,31,46000,Marketing,1,2,77,High
Male,53,148759,Doctor,7,7,52,High
Female,10,92734,Lawyer,1,4,28,Low
Male,84,172523,Artist,6,2,83,High
Male,83,131574,Artist,1,2,97,High
Male,72,149092,Engineer,8,1,39,Low
Female,50,117076,Doctor,1,2,45,Low
Female,64,92812,Artist,5,7,97,High
Female,69,143928,Engineer,9,7,30,Low
Male,53,144489,Artist,14,3,10,Low
Female,87,177260,Entertainment,14,2,45,Low
Female,2,101451,Healthcare,4,3,82,High
Male,94,91000,Entertainment,0,4,36,Low
Male,19,15000,Healthcare,1,4,39,Low
Female,37,79000,Homemaker,1,7,10,Low
Male,92,79531,Artist,1,1,4,Low
Male,18,62000,Homemaker,9,7,92,High
Female,31,58000,Healthcare,1,5,93,High
Female,17,63557,Marketing,1,1,3,Low
Female,77,180831,Healthcare,1,2,33,Low
Female,75,102904,Artist,7,6,28,Low
Female,53,4000,Artist,0,4,20,Low
Female,48,70844,Entertainment,0,3,22,Low
Female,92,166163,Engineer,8,5,87,High
Female,65,92135,Homemaker,6,4,49,Low
Female,57,57337,Healthcare,1,4,14,Low
Female,2,105391,Executive,1,7,42,Low
Female,60,128205,Healthcare,6,5,27,Low
Female,68,76529,Healthcare,0,2,62,High
Male,43,89000,Engineer,0,7,35,Low
Male,30,33000,Artist,4,2,83,High
Male,48,22000,Artist,14,3,36,Low
Male,1,89144,Doctor,12,2,1,Low
Male,0,143455,Healthcare,1,6,62,High
Male,29,52000,Artist,1,3,82,High
Female,35,144485,Entertainment,0,4,15,Low
Female,13,146858,Doctor,9,1,75,High
Male,85,131742,Entertainment,1,1,87,High
Female,30,144043,Doctor,1,1,78,High
Female,31,147447,Doctor,6,7,23,Low
Male,51,162072,Engineer,1,1,86,High
Male,57,52000,Healthcare,0,4,51,High
Female,16,157588,Executive,2,6,76,High
Male,36,79000,Lawyer,0,2,10,Low
Female,45,177368,Healthcare,1,2,96,High
Female,52,165573,Healthcare,0,7,59,High
Female,67,50000,Lawyer,0,3,52,High
Male,1,114556,Entertainment,0,7,64,High
Female,32,38000,Lawyer,1,1,74,High
Female,52,106530,Engineer,7,2,46,Low
Female,1,165711,Artist,1,2,50,Low
Female,31,69018,Artist,6,1,17,Low
Female,78,59971,Homemaker,14,7,94,High
Female,82,171100,Executive,0,5,34,Low
Male,97,73867,Healthcare,4,5,65,High
Male,0,33000,Marketing,1,1,64,High
Female,17,150778,Entertainment,1,7,35,Low
Female,67,177512,Engineer,2,3,62,High
Male,43,162595,Artist,3,3,17,Low
Male,19,22000,Marketing,8,4,10,Low
Female,91,51733,Healthcare,0,5,96,High
Female,95,50223,Entertainment,8,1,15,Low
Male,46,126228,Marketing,8,2,95,High
Female,8,100099,Healthcare,1,3,74,High
Male,22,172923,Engineer,6,1,20,Low
Female,14,153842,Artist,1,3,3,Low
Male,87,64461,Engineer,4,4,63,High
Female,89,65000,Engineer,0,5,0,Low
Female,60,169346,Healthcare,7,2,55,High
Male,54,78000,Lawyer,1,1,46,Low
Male,62,150619,Artist,10,6,32,Low
Female,21,161663,Executive,1,7,36,Low
Male,8,144830,Artist,0,1,43,Low
Female,11,147258,Lawyer,10,2,59,High
Female,83,118110,Engineer,1,5,26,Low
Female,13,129659,Entertainment,6,7,59,High
Male,61,52543,Executive,0,6,23,Low
Male,77,73884,Healthcare,1,2,30,Low
Male,38,76103,Executive,9,3,62,High
Female,96,124550,Marketing,0,3,46,Low
Male,29,170669,Doctor,9,5,78,High
Female,52,35000,Doctor,2,6,85,High
Male,59,38000,Engineer,0,2,11,Low
Male,89,115996,Engineer,15,1,24,Low
Female,14,79806,Engineer,1,6,30,Low
Female,9,57272,Engineer,1,1,60,High
Female,87,129972,Executive,1,6,97,High
Male,23,146473,Artist,1,4,87,High
Male,63,77440,Lawyer,0,5,47,Low
Female,83,93351,Doctor,1,1,65,High
Male,34,91503,Artist,0,6,26,Low
Female,13,132374,Marketing,0,3,96,High
Female,88,172369,Artist,6,6,80,High
Female,62,175534,Artist,1,6,44,Low
Female,82,146118,Marketing,8,7,52,High
Female,93,88192,Marketing,10,2,3,Low
Male,15,116204,Engineer,8,2,16,Low
Female,35,29000,Homemaker,9,5,35,Low
Male,19,82333,Marketing,1,2,35,Low
Male,86,98463,Homemaker,10,5,46,Low
Male,36,187305,Engineer,6,7,85,High
Male,38,103356,Marketing,1,6,20,Low
Female,28,96207,Artist,5,5,67,High
Female,8,60790,Artist,1,5,38,Low
Male,64,125510,Healthcare,3,3,6,Low
Female,31,65520,Lawyer,1,2,71,High
Female,24,51661,Entertainment,0,7,79,High
Male,23,122712,Marketing,1,1,21,Low
Female,33,67874,Artist,0,2,55,High
Male,20,189650,Lawyer,8,4,60,High
Female,27,101948,Artist,0,5,31,Low
Male,1,187297,Artist,0,1,7,Low
Female,90,138013,Artist,8,7,16,Low
Female,34,176554,Healthcare,1,2,62,High
Female,85,68212,Healthcare,7,4,26,Low
Female,0,73128,Artist,7,5,74,High
Female,95,84925,Artist,4,6,46,Low
Male,82,114776,Entertainment,10,3,55,High
Male,60,179503,Artist,4,3,9,Low
Male,52,88046,Artist,8,1,61,High
Male,49,50000,Lawyer,8,1,82,High
Female,95,118575,Entertainment,1,3,10,Low
Male,19,101799,Engineer,1,1,49,Low
Female,63,78971,Engineer,1,2,89,High
Female,58,170647,Healthcare,1,7,70,High
Female,72,98168,Entertainment,1,2,49,Low
Female,52,55395,Marketing,10,1,41,Low
Female,92,78308,Executive,5,2,66,High
Female,96,184771,Engineer,8,5,77,High
Female,31,139592,Marketing,1,1,62,High
Male,31,95851,Healthcare,5,2,16,Low
Female,95,168663,Engineer,11,5,16,Low
Female,94,69654,Homemaker,4,4,30,Low
Male,57,152267,Engineer,9,5,92,High
Male,12,38000,Executive,10,1,18,Low
Female,20,113217,Lawyer,9,1,41,Low
Female,7,170345,Executive,9,5,3,Low
Male,0,173743,Artist,0,4,96,High
Female,75,61393,Doctor,7,5,65,High
Female,17,169496,Lawyer,11,6,12,Low
Female,84,93288,Artist,10,6,60,High
Male,87,115699,Healthcare,9,1,61,High
Male,19,85975,Entertainment,0,6,73,High
Female,47,2000,Artist,0,1,47,Low
Female,0,105935,Doctor,4,5,46,Low
Female,75,135159,Engineer,7,6,12,Low
Male,47,133236,Executive,1,6,61,High
Female,0,142892,Entertainment,8,1,25,Low
Male,79,166335,Engineer,5,5,45,Low
Female,32,7000,Artist,1,2,16,Low
Male,32,81000,Executive,1,2,18,Low
Female,4,53097,Healthcare,0,7,21,Low
Female,17,149727,Artist,7,3,78,High
Male,21,109373,Entertainment,4,2,22,Low
Male,24,77976,Artist,11,3,95,High
Female,28,178265,Lawyer,2,1,5,Low
Male,75,178416,Executive,10,7,16,Low
Female,69,112838,Healthcare,1,7,34,Low
Male,62,92768,Doctor,1,1,75,High
Female,20,148776,Artist,8,5,21,Low
Female,91,102861,Artist,4,1,40,Low
Female,85,82854,Artist,6,4,75,High
Male,82,186130,Lawyer,3,7,61,High
Female,7,106581,Doctor,1,7,76,High
Male,49,53509,Artist,5,4,98,High
Female,23,12000,Entertainment,9,2,29,Low
Female,42,152547,Artist,7,4,56,High
Female,19,117477,Healthcare,6,7,48,Low
Female,30,73107,Artist,9,1,48,Low
Female,83,125660,Engineer,10,4,19,Low
Male,76,132537,Doctor,5,3,44,Low
Female,76,156330,Engineer,1,2,31,Low
Male,52,148901,Healthcare,4,4,77,High
Female,73,31000,Healthcare,1,2,47,Low
Male,1,57522,Artist,10,5,75,High
Male,86,140687,Artist,1,2,63,High
Female,64,135742,Healthcare,1,7,67,High
Male,60,39000,Artist,0,3,4,Low
Female,22,131748,Artist,1,3,23,Low
Male,65,34000,Entertainment,4,4,52,High
Female,55,75033,Engineer,5,5,30,Low
Female,20,155951,Healthcare,7,4,21,Low
Male,32,66000,Artist,0,5,93,High
Female,33,83000,Artist,0,5,95,High
Female,47,124194,Doctor,1,7,32,Low
Male,7,189709,Artist,6,6,18,Low
Female,75,86297,Executive,9,4,42,Low
Male,45,152226,Artist,4,4,87,High
Female,31,53802,Artist,1,7,32,Low
Female,56,103838,Artist,1,2,17,Low
Female,44,173682,Artist,12,6,89,High
Male,74,91794,Entertainment,0,7,83,High
Female,5,69443,Doctor,4,6,28,Low
Female,49,72000,Engineer,8,1,28,Low
Male,71,85908,Entertainment,5,4,85,High
Male,38,61000,Healthcare,6,3,55,High
Male,18,77873,Executive,6,5,49,Low
Female,63,47000,Artist,2,3,16,Low
Male,38,101846,Doctor,3,2,17,Low
Male,27,36000,Executive,0,3,56,High
Female,78,175179,Executive,9,4,43,Low
Male,59,154821,Doctor,0,2,77,High
Female,9,146011,Marketing,9,5,69,High
Male,72,106681,Healthcare,9,5,15,Low
Female,90,60998,Entertainment,1,7,35,Low
Female,75,151696,Artist,15,1,82,High
Female,45,125677,Entertainment,5,2,36,Low
Male,0,186002,Doctor,15,2,80,High
Male,27,82474,Artist,9,3,31,Low
Female,88,92914,Artist,0,3,74,High
Male,5,145563,Entertainment,9,6,60,High
Female,86,90228,Engineer,7,5,68,High
Male,25,182292,Artist,7,5,78,High
Male,68,48000,Healthcare,3,3,73,High
Male,26,154857,Healthcare,0,7,13,Low
Female,1,90341,Doctor,0,2,92,High
Female,4,84000,Artist,9,1,54,High
Female,58,74869,Healthcare,0,3,12,Low
Female,39,58908,Artist,6,6,37,Low
Female,83,124104,Healthcare,4,6,20,Low
Female,68,85540,Homemaker,9,1,49,Low
Male,62,144242,Entertainment,1,4,49,Low
Female,8,59116,Artist,10,6,45,Low
Female,39,84000,Artist,5,3,33,Low
Male,38,71897,Entertainment,2,3,32,Low
Female,3,64824,Executive,1,1,30,Low
Female,62,185388,Healthcare,0,2,54,High
Female,29,110309,Artist,6,2,21,Low
Male,75,94129,Healthcare,6,7,27,Low
Female,36,87353,Entertainment,1,5,25,Low
Female,47,187898,Artist,6,2,89,High
Male,78,54252,Engineer,0,5,29,Low
Female,4,106816,Artist,7,5,49,Low
Female,19,51000,Executive,8,4,50,Low
Male,54,59163,Marketing,3,3,100,High
Female,7,123804,Doctor,14,1,28,Low
Female,57,163473,Artist,0,1,52,High
Male,55,65257,Doctor,2,3,93,High
Female,34,86154,Doctor,1,2,17,Low
Female,29,62475,Artist,6,4,24,Low
Female,61,120487,Doctor,0,2,14,Low
Female,0,94014,Engineer,9,5,53,High
Male,23,181760,Healthcare,14,3,35,Low
Male,76,142801,Lawyer,0,1,23,Low
Male,73,142502,Doctor,5,1,97,High
Female,78,98922,Artist,2,3,2,Low
Male,5,156655,Entertainment,4,5,20,Low
Male,5,57265,Entertainment,7,7,89,High
Female,41,118621,Homemaker,0,7,7,Low
Male,27,80783,Artist,9,3,82,High
Female,30,59284,Doctor,7,7,38,Low
Female,27,67000,Artist,0,2,50,Low
Male,9,124125,Artist,1,2,91,High
Female,10,112818,Marketing,15,7,85,High
Female,25,136146,Artist,6,6,98,High
Female,32,185218,Healthcare,4,6,83,High
Female,77,66256,Lawyer,1,2,13,Low
Female,85,140000,Entertainment,1,1,84,High
Male,36,173807,Artist,0,2,42,Low
Female,63,116971,Executive,7,5,76,High
Female,45,79801,Doctor,0,2,77,High
Male,2,101718,Executive,8,3,11,Low
Female,33,111191,Artist,9,4,67,High
Female,63,116095,Artist,5,1,8,Low
Male,89,57033,Artist,0,4,99,High
Male,43,129782,Entertainment,1,2,31,Low
Male,68,129971,Artist,8,3,61,High
Female,34,105448,Artist,0,5,40,Low
Female,34,115184,Homemaker,1,4,93,High
Male,59,169999,Engineer,5,5,38,Low
Male,7,119362,Engineer,8,1,58,High
Female,63,9000,Lawyer,1,1,43,Low
Male,56,162921,Executive,0,4,51,High
Male,3,67787,Executive,1,6,1,Low
Female,41,111174,Artist,4,5,28,Low
Female,12,87365,Marketing,1,2,3,Low
Female,19,54121,Engineer,6,3,89,High
Female,20,146221,Marketing,0,3,25,Low
Female,71,60209,Artist,1,3,46,Low
Male,97,104582,Healthcare,8,2,50,Low
Female,26,146028,Healthcare,0,5,33,Low
Female,13,156951,Healthcare,4,7,66,High
Female,20,111896,Executive,1,3,90,High
Male,28,146597,Engineer,1,4,31,Low
Female,13,144111,Entertainment,12,5,62,High
Female,55,123045,Engineer,7,3,56,High
Female,29,180401,Engineer,7,6,23,Low
Female,27,57000,Artist,1,3,51,High
Female,12,89252,Entertainment,0,5,31,Low
Female,57,81802,Homemaker,9,1,29,Low
Female,35,96484,Artist,5,4,34,Low
Male,43,98016,Healthcare,9,6,18,Low
Female,12,170319,Artist,8,7,46,Low
Male,50,112957,Executive,5,3,71,High
Male,86,59000,Artist,0,1,40,Low
Female,85,118161,Engineer,0,4,74,High
Female,46,127911,Homemaker,9,2,3,Low
Female,41,118122,Entertainment,0,6,52,High
Male,58,29000,Engineer,11,1,15,Low
Female,5,126263,Marketing,6,3,55,High
Female,19,25000,Artist,0,1,54,High
Female,35,97721,Engineer,0,7,48,Low
Male,15,128573,Executive,1,1,97,High
Male,22,184443,Executive,3,7,44,Low
Male,40,67768,Doctor,10,6,15,Low
Female,5,169702,Doctor,5,1,98,High
Female,31,138612,Executive,9,2,71,High
Male,26,144832,Artist,5,3,42,Low
Male,52,189091,Artist,0,6,12,Low
Female,45,129455,Lawyer,0,3,14,Low
Female,79,119435,Entertainment,0,7,55,High
Male,1,71564,Artist,1,5,68,High
Male,33,96000,Executive,9,2,8,Low
Female,28,38000,Entertainment,7,2,75,High
Male,93,120597,Artist,2,4,96,High
Female,45,114741,Artist,0,5,96,High
Female,49,170188,Lawyer,1,6,80,High
Female,44,185550,Artist,0,1,54,High
Female,43,3000,Doctor,0,2,50,Low
Female,7,148607,Homemaker,1,7,59,High
Male,35,69419,Healthcare,9,1,68,High
Female,22,95053,Entertainment,1,2,17,Low
Female,67,118348,Engineer,1,7,94,High
Female,1,141307,Healthcare,1,3,17,Low
Female,32,63000,Executive,1,4,87,High
Female,25,81640,Entertainment,1,6,95,High
Female,8,57605,Doctor,0,2,81,High
Female,27,170166,Artist,10,4,18,Low
Female,34,92366,Healthcare,0,6,14,Low
Female,24,67582,Artist,1,3,13,Low
Female,91,159537,Doctor,4,1,37,Low
Female,97,125731,Artist,6,4,41,Low
Female,85,179877,Healthcare,12,4,17,Low
Male,2,52727,Artist,1,3,60,High
Male,12,55639,Healthcare,8,1,63,High
Male,35,78000,Artist,1,3,61,High
Male,46,93000,Artist,2,1,12,Low
Male,35,92227,Lawyer,0,5,8,Low
Male,23,67535,Healthcare,7,6,97,High
Male,13,175267,Healthcare,1,4,81,High
Female,69,168710,Doctor,1,4,80,High
Female,37,148196,Artist,0,2,91,High
Female,21,5000,Marketing,0,1,91,High
Female,40,97000,Engineer,9,4,58,High
Female,42,72415,Marketing,0,5,52,High
Female,73,108159,Entertainment,8,7,18,Low
Female,30,139758,Lawyer,0,6,46,Low
Male,79,148286,Entertainment,0,4,77,High
Male,16,125836,Healthcare,1,4,69,High
Male,58,87602,Executive,5,3,25,Low
Female,92,67850,Artist,9,4,91,High
Female,63,88720,Artist,10,1,100,High
Female,43,53832,Entertainment,4,1,56,High
Female,84,136254,Engineer,5,6,90,High
Female,55,11000,Artist,0,3,58,High
Female,88,121597,Engineer,0,5,7,Low
Female,8,141359,Healthcare,4,5,65,High
Female,15,156339,Homemaker,6,2,27,Low
Male,31,67894,Doctor,9,1,42,Low
Male,84,166737,Artist,0,3,76,High
Male,78,163514,Doctor,9,2,89,High
Male,63,59244,Artist,7,1,80,High
Female,91,142602,Lawyer,7,6,64,High
Female,1,150174,Artist,2,2,59,High
Female,79,143560,Artist,1,3,83,High
Male,21,155151,Marketing,14,3,16,Low
Female,47,112247,Executive,4,5,24,Low
Female,97,168898,Homemaker,8,7,54,High
Female,64,13000,Engineer,3,4,38,Low
Female,96,1000,Entertainment,0,3,76,High
Female,52,86365,Engineer,1,7,70,High
Male,84,53500,Marketing,3,4,44,Low
Female,6,170266,Artist,3,2,23,Low
Male,32,0,Artist,2,2,63,High
Female,62,73419,Healthcare,0,1,14,Low
Female,41,91715,Entertainment,0,3,99,High
Female,5,60575,Engineer,5,2,14,Low
Female,71,177359,Doctor,6,2,56,High
Female,34,55690,Marketing,4,6,4,Low
Female,92,109519,Entertainment,1,4,72,High
Male,59,85000,Lawyer,4,2,49,Low
Female,80,39000,Engineer,9,4,33,Low
Female,18,53812,Homemaker,9,5,32,Low
Male,18,162983,Entertainment,0,6,16,Low
Female,22,153024,Artist,10,7,91,High
Male,20,103195,Doctor,0,7,68,High
Male,19,35000,Executive,0,5,5,Low
Female,73,68161,Doctor,1,2,23,Low
Female,29,80098,Lawyer,10,6,54,High
Male,0,165321,Doctor,8,1,93,High
Female,98,109061,Engineer,6,1,41,Low
Female,25,163966,Lawyer,1,5,48,Low
Female,86,72000,Lawyer,7,3,13,Low
Female,23,65000,Artist,0,4,41,Low
Male,31,158479,Doctor,1,5,57,High
Female,45,67000,Doctor,0,2,53,High
Female,79,57039,Artist,2,6,34,Low
Female,34,135115,Entertainment,1,7,54,High
Female,10,143313,Doctor,4,7,57,High
Male,44,70787,Doctor,1,3,68,High
Female,99,55972,Entertainment,1,7,83,High
Female,99,184426,Artist,9,1,41,Low
Female,32,31000,Lawyer,2,3,24,Low
Male,91,94576,Artist,0,1,90,High
Female,79,123064,Artist,10,4,41,Low
Female,73,165734,Entertainment,0,1,51,High
Female,73,80000,Entertainment,2,2,73,High
Male,9,71076,Artist,8,1,2,Low
Female,8,129743,Artist,0,2,6,Low
Female,25,40000,Artist,5,4,77,High
Female,76,166245,Executive,7,3,13,Low
Female,44,131091,Artist,4,1,62,High
Female,92,168303,Executive,9,4,16,Low
Female,0,116782,Artist,9,5,73,High
Male,20,130813,Artist,17,5,92,High
Female,86,145679,Lawyer,9,6,91,High
Male,7,134008,Entertainment,2,1,85,High
Female,49,142566,Artist,1,7,77,High
Male,64,186203,Artist,10,5,73,High
Female,76,60000,Healthcare,4,2,39,Low
Female,29,92000,Executive,5,5,88,High
Female,16,60044,Artist,4,1,83,High
Male,33,158335,Healthcare,2,5,45,Low
Female,33,129257,Executive,6,3,70,High
Female,54,145679,Artist,0,2,35,Low
Male,67,107409,Artist,1,6,2,Low
Female,0,121926,Lawyer,7,1,41,Low
Female,96,135800,Healthcare,0,7,29,Low
Female,46,171921,Artist,1,6,50,Low
Female,52,63454,Artist,5,5,38,Low
Male,20,89000,Engineer,1,2,5,Low
Female,35,31000,Healthcare,1,3,6,Low
Female,7,137354,Artist,8,7,89,High
Female,4,68094,Doctor,4,7,61,High
Male,67,172407,Doctor,9,3,60,High
Female,34,94029,Healthcare,1,4,98,High
Female,54,170638,Artist,4,5,64,High
Male,7,165287,Doctor,1,3,65,High
Female,43,156567,Engineer,7,6,89,High
Male,81,101073,Executive,0,7,67,High
Female,7,135773,Artist,9,5,42,Low
Female,23,186723,Entertainment,8,5,42,Low
Female,43,132701,Healthcare,5,2,70,High
Male,73,173466,Entertainment,10,5,57,High
Female,23,50076,Artist,3,5,32,Low
Female,95,72000,Engineer,4,2,51,High
Male,90,89251,Entertainment,1,1,4,Low
Male,62,87000,Doctor,6,2,41,Low
Female,1,161212,Artist,9,6,14,Low
Female,36,109895,Healthcare,5,2,56,High
Male,32,4000,Artist,1,5,74,High
Male,53,145720,Homemaker,12,7,62,High
Male,54,186359,Doctor,13,2,95,High
Female,19,178217,Marketing,0,3,38,Low
Female,25,111942,Artist,5,5,7,Low
Male,13,182410,Healthcare,11,4,22,Low
Female,44,175424,Artist,4,5,32,Low
Female,78,36000,Artist,0,3,79,High
Female,43,73915,Artist,11,2,47,Low
Female,26,52234,Executive,1,2,30,Low
Female,41,102543,Artist,7,3,54,High
Female,65,25000,Artist,4,1,35,Low
Female,29,53002,Lawyer,5,5,73,High
Male,63,131122,Artist,9,6,40,Low
Female,92,136531,Engineer,1,4,76,High
Female,24,151085,Marketing,2,5,39,Low
Male,55,63683,Healthcare,3,1,34,Low
Male,60,189945,Engineer,0,5,20,Low
Female,32,98000,Artist,8,2,69,High
Female,41,56837,Healthcare,8,4,4,Low
Male,70,81197,Artist,0,4,76,High
Male,75,59741,Artist,10,5,67,High
Female,49,85374,Artist,8,5,45,Low
Female,41,155881,Lawyer,0,7,22,Low
Male,32,184408,Entertainment,6,7,38,Low
Female,55,71322,Entertainment,1,6,54,High
Male,88,92247,Marketing,0,6,47,Low
Male,5,78274,Artist,9,2,65,High
Female,6,52648,Artist,5,2,2,Low
Female,43,185900,Homemaker,9,4,80,High
Male,39,118554,Lawyer,4,6,1,Low
Female,89,137397,Doctor,1,7,33,Low
Female,47,124072,Lawyer,0,7,56,High
Male,38,166697,Marketing,13,4,39,Low
Female,58,102205,Artist,1,1,24,Low
Male,7,176349,Healthcare,8,2,80,High
Male,13,95469,Doctor,6,1,94,High
Male,13,129396,Artist,6,6,36,Low
Female,31,25000,Engineer,1,1,42,Low
Male,26,176147,Healthcare,0,1,19,Low
Female,32,24000,Artist,0,1,42,Low
Female,68,75561,Healthcare,5,3,87,High
Female,8,53306,Engineer,0,2,98,High
Male,19,179269,Entertainment,6,3,93,High
Female,20,141428,Entertainment,1,5,32,Low
Male,39,26000,Lawyer,0,2,75,High
Male,74,76521,Engineer,7,4,29,Low
Female,0,141351,Engineer,0,2,10,Low
Male,12,53927,Doctor,2,3,77,High
Female,39,70280,Engineer,0,4,99,High
Female,47,157661,Healthcare,6,6,57,High
Male,32,104824,Artist,0,7,42,Low
Female,62,89801,Artist,5,4,88,High
Female,98,87955,Engineer,0,2,79,High
Female,2,145597,Artist,1,6,81,High
Female,25,165978,Artist,7,3,42,Low
Male,30,72000,Artist,6,2,97,High
Female,34,100621,Healthcare,1,1,3,Low
Female,0,143910,Marketing,1,7,22,Low
Female,59,156880,Artist,0,7,70,High
Female,68,173047,Healthcare,0,3,17,Low
Female,65,180243,Marketing,6,2,26,Low
Male,93,121513,Engineer,0,6,90,High
Female,3,155864,Healthcare,13,3,31,Low
Female,29,112240,Entertainment,0,4,95,High
Female,48,186445,Engineer,0,1,41,Low
Male,88,93555,Artist,3,3,13,Low
Male,72,76888,Marketing,0,1,26,Low
Male,31,62925,Engineer,1,6,24,Low
Female,81,89211,Doctor,1,7,12,Low
Male,67,67372,Artist,0,7,75,High
Female,36,54000,Artist,5,3,75,High
Male,65,54431,Healthcare,1,7,93,High
Female,70,108544,Entertainment,4,5,49,Low
Female,67,146016,Artist,1,6,38,Low
Male,78,127615,Executive,10,7,78,High
Female,25,156016,Artist,2,1,85,High
Female,46,109346,Entertainment,1,2,37,Low
Female,41,172882,Healthcare,8,7,27,Low
Female,52,43000,Artist,1,3,58,High
Female,85,92591,Artist,8,2,99,High
Male,80,112146,Entertainment,0,3,24,Low
Male,82,188719,Lawyer,0,6,30,Low
Female,63,81199,Entertainment,1,2,80,High
Female,67,78489,Artist,7,5,81,High
Male,31,71000,Artist,5,2,73,High
Female,30,126306,Artist,0,1,44,Low
Female,94,131521,Artist,0,6,62,High
Male,8,158123,Artist,1,1,84,High
Female,37,146195,Healthcare,4,4,89,High
Male,85,117679,Entertainment,1,3,18,Low
Female,27,183201,Engineer,8,6,52,High
Male,59,149067,Doctor,9,7,78,High
Male,90,164914,Artist,8,3,18,Low
Male,89,83953,Healthcare,0,3,82,High
Male,82,153632,Entertainment,9,7,76,High
Male,91,82992,Entertainment,1,5,5,Low
Female,52,109425,Engineer,0,1,46,Low
Male,5,160469,Lawyer,8,1,61,High
Male,37,99872,Entertainment,11,3,53,High
Female,62,133822,Marketing,0,4,78,High
Male,97,148493,Doctor,4,7,42,Low
Female,64,71305,Artist,9,2,39,Low
Female,91,73158,Doctor,7,7,32,Low
Male,1,182927,Healthcare,1,1,55,High
Male,48,58000,Doctor,1,2,42,Low
Male,75,132993,Entertainment,8,2,55,High
Female,41,69730,Artist,1,4,97,High
Male,68,135076,Engineer,1,5,60,High
Male,99,173394,Engineer,13,1,4,Low
Male,66,13000,Healthcare,9,3,48,Low
Male,94,119189,Artist,9,3,57,High
Female,56,138864,Artist,0,5,93,High
Female,70,174114,Lawyer,1,1,31,Low
Male,80,95929,Engineer,0,2,23,Low
Female,30,62330,Healthcare,1,1,60,High
Female,28,69025,Entertainment,0,2,79,High
Female,62,70119,Artist,0,1,93,High
Female,27,115438,Artist,0,6,37,Low
Male,33,157358,Healthcare,7,4,52,High
Female,89,114858,Artist,10,1,53,High
Male,85,140478,Doctor,6,4,43,Low
Male,28,4000,Executive,0,2,75,High
Female,81,155396,Engineer,9,5,1,Low
Male,63,126380,Artist,6,1,90,High
Female,78,132983,Healthcare,7,7,67,High
Female,54,176885,Entertainment,0,3,10,Low
Male,8,74253,Lawyer,1,6,45,Low
Female,49,4000,Executive,1,7,48,Low
Female,58,135705,Engineer,8,7,48,Low
Female,33,67000,Healthcare,0,1,11,Low
Female,34,92000,Artist,5,3,23,Low
Male,46,62833,Artist,1,2,85,High
Male,58,156366,Entertainment,8,1,60,High
Female,38,148539,Healthcare,5,2,7,Low
Male,21,69644,Artist,5,1,19,Low
Male,31,188620,Artist,3,6,30,Low
Female,76,124034,Executive,10,2,88,High
Female,89,115811,Homemaker,11,4,87,High
Male,64,130055,Healthcare,2,1,46,Low
Male,40,69000,Artist,3,5,13,Low
Female,58,78795,Engineer,0,6,44,Low
Male,2,110889,Executive,1,2,95,High
Female,30,166983,Artist,7,3,69,High
Female,25,106669,Lawyer,1,7,22,Low
Male,36,50526,Artist,0,6,19,Low
Female,51,71000,Healthcare,9,4,50,Low
Female,40,83000,Homemaker,4,1,48,Low
Male,76,155622,Healthcare,0,2,81,High
Male,81,50798,Artist,10,5,56,High
Male,86,128917,Homemaker,5,5,7,Low
Female,67,18000,Lawyer,0,2,88,High
Female,8,157316,Artist,9,3,75,High
Female,45,135174,Artist,9,4,39,Low
Male,64,55011,Artist,1,7,53,High
Male,36,163845,Doctor,5,7,84,High
Female,81,53452,Entertainment,1,6,73,High
Female,82,109188,Lawyer,5,7,38,Low
Male,59,101698,Artist,9,3,87,High
Female,94,86172,Artist,4,4,55,High
Female,16,95365,Artist,0,5,60,High
Female,60,130898,Artist,1,1,30,Low
Female,18,180956,Artist,2,2,74,High
Female,77,124995,Healthcare,0,1,66,High
Female,13,180786,Lawyer,1,5,88,High
Female,93,93964,Artist,4,2,80,High
Male,7,70749,Artist,13,3,86,High
Male,7,66686,Artist,8,7,50,Low
Male,39,134629,Engineer,1,6,23,Low
Male,84,125016,Entertainment,1,7,25,Low
Male,85,153787,Entertainment,3,3,100,High
Male,96,172039,Lawyer,0,6,51,High
Male,11,166247,Executive,1,2,84,High
Female,79,167411,Marketing,12,5,9,Low
Male,81,141471,Artist,8,6,45,Low
Female,18,134752,Engineer,6,5,47,Low
Male,45,140263,Entertainment,10,5,88,High
Female,74,92355,Entertainment,1,4,87,High
Male,73,93786,Entertainment,3,1,44,Low
Male,56,119296,Engineer,0,7,49,Low
Female,61,146350,Artist,1,3,43,Low
Male,59,86000,Healthcare,4,3,14,Low
Female,97,133614,Artist,7,4,58,High
Female,35,164435,Lawyer,1,3,26,Low
Male,17,96154,Artist,1,4,100,High
Female,93,74467,Lawyer,5,1,33,Low
Male,87,153230,Healthcare,8,1,15,Low
Female,89,157759,Artist,1,6,52,High
Female,40,187234,Doctor,0,5,14,Low
Female,12,63334,Artist,0,6,99,High
Male,66,183339,Artist,7,4,39,Low
Male,11,166361,Engineer,6,4,59,High
Female,24,91000,Lawyer,1,1,77,High
Male,74,164976,Entertainment,0,4,89,High
Female,79,64000,Artist,2,3,64,High
Male,87,149685,Executive,9,6,30,Low
Female,99,172896,Engineer,0,3,13,Low
Female,55,106153,Artist,10,1,62,High
Male,74,147449,Artist,1,5,16,Low
Female,94,114510,Healthcare,0,4,39,Low
Female,56,91180,Entertainment,1,7,61,High
Female,48,50000,Engineer,6,4,36,Low
Female,54,95734,Homemaker,8,7,39,Low
Male,63,63000,Lawyer,7,2,51,High
Male,15,142147,Artist,8,4,78,High
Female,85,155432,Engineer,4,6,21,Low
Female,49,91000,Lawyer,1,2,14,Low
Female,74,78000,Engineer,9,3,12,Low
Male,44,90167,Engineer,0,3,84,High
Male,6,170226,Lawyer,0,3,31,Low
Female,96,99263,Healthcare,8,1,100,High
Male,94,90082,Artist,5,7,17,Low
Male,82,150012,Healthcare,3,6,83,High
Female,21,136747,Healthcare,1,1,3,Low
Female,81,125316,Lawyer,0,6,81,High
Female,2,153622,Lawyer,6,6,51,High
Male,1,79800,Artist,0,1,47,Low
Female,97,167558,Artist,4,7,99,High
Female,85,97822,Doctor,5,3,38,Low
Female,30,182162,Artist,1,3,6,Low
Female,53,145498,Artist,8,4,66,High
Male,16,84003,Artist,9,6,68,High
Female,66,127410,Engineer,8,2,37,Low
Male,72,182317,Healthcare,8,6,46,Low
Male,83,132005,Entertainment,0,5,2,Low
Female,75,164598,Healthcare,8,1,32,Low
Female,52,133214,Marketing,9,7,1,Low
Female,78,79677,Artist,10,7,9,Low
Male,33,112587,Artist,1,4,71,High
Male,62,182631,Artist,5,3,52,High
Female,0,68761,Lawyer,1,4,16,Low
Female,21,52326,Healthcare,0,2,69,High
Female,37,149095,Lawyer,1,2,83,High
Male,22,159296,Artist,8,1,83,High
Male,44,156823,Healthcare,9,5,42,Low
Male,60,162612,Engineer,1,6,98,High
Male,91,62808,Engineer,0,4,20,Low
Male,38,64000,Entertainment,8,5,75,High
Female,51,72303,Lawyer,7,1,98,High
Female,16,93854,Healthcare,0,7,82,High
Male,54,136417,Healthcare,9,6,45,Low
Female,86,187667,Artist,0,1,12,Low
Female,62,151836,Artist,0,6,13,Low
Female,40,184222,Healthcare,0,2,17,Low
Female,32,85000,Lawyer,1,2,87,High
Female,44,186116,Healthcare,8,6,2,Low
Male,72,93921,Lawyer,9,2,93,High
Male,71,149318,Artist,4,1,27,Low
Female,15,134748,Marketing,1,6,76,High
Female,91,54754,Artist,0,2,4,Low
Female,24,118302,Lawyer,5,1,100,High
Female,46,66000,Healthcare,3,3,70,High
Male,39,187536,Healthcare,3,6,66,High
Female,80,90142,Lawyer,1,2,50,Low
Male,96,126225,Engineer,7,4,47,Low
Male,24,165846,Engineer,0,4,33,Low
Male,2,164248,Entertainment,9,3,51,High
Male,91,50250,Artist,0,2,54,High
Female,43,150444,Artist,13,4,27,Low
Female,8,168723,Homemaker,7,2,31,Low
Male,60,127438,Engineer,7,2,82,High
Male,29,132297,Entertainment,8,1,53,High
Female,86,117203,Healthcare,10,3,83,High
Female,20,69000,Artist,8,2,75,High
Male,67,86289,Artist,1,5,96,High
Female,70,55875,Engineer,0,5,94,High
Female,54,118944,Artist,4,4,77,High
Male,28,173009,Healthcare,9,6,25,Low
Male,70,84000,Artist,0,2,56,High
Male,48,115832,Artist,2,2,92,High
Female,44,76000,Artist,5,2,7,Low
Female,40,116001,Engineer,1,4,55,High
Male,27,74050,Entertainment,8,1,44,Low
Female,88,168437,Artist,2,2,81,High
Female,72,63128,Engineer,8,7,45,Low
Male,12,118041,Artist,9,2,77,High
Female,5,133400,Engineer,0,6,47,Low
Male,42,60982,Healthcare,0,5,3,Low
Female,99,150782,Executive,8,2,18,Low
Female,78,112887,Entertainment,9,6,80,High
Male,18,185861,Artist,3,6,82,High
Male,81,108759,Artist,7,6,60,High
Female,19,134644,Executive,1,2,96,High
Male,16,58127,Marketing,0,3,65,High
Female,36,9000,Artist,8,2,26,Low
Female,33,189630,Executive,5,5,53,High
Male,26,49000,Homemaker,0,3,54,High
Female,9,158596,Artist,1,2,86,High
Female,41,161896,Entertainment,1,3,49,Low
Female,84,153465,Lawyer,1,4,11,Low
Female,65,75685,Marketing,7,3,19,Low
Female,65,79000,Artist,0,3,17,Low
Female,58,180479,Healthcare,0,3,74,High
Female,60,99222,Artist,1,6,48,Low
Female,69,56398,Entertainment,8,3,75,High
Male,56,103210,Artist,6,6,100,High
Male,64,156422,Entertainment,1,7,39,Low
Male,35,96000,Homemaker,12,1,35,Low
Male,14,124785,Lawyer,7,2,28,Low
Female,58,173190,Doctor,9,4,37,Low
Male,88,138482,Marketing,8,4,59,High
Female,68,82000,Artist,8,4,48,Low
Male,41,119259,Healthcare,1,5,91,High
Female,65,119889,Artist,17,6,11,Low
Female,15,50550,Healthcare,9,7,34,Low
Male,99,162762,Healthcare,1,1,52,High
Male,33,61986,Executive,0,1,77,High
Male,39,6000,Healthcare,1,3,91,High
Female,23,20000,Artist,5,4,87,High
Female,91,162465,Engineer,9,3,59,High
Male,68,170957,Lawyer,1,3,6,Low
Male,31,134263,Marketing,1,3,94,High
Female,55,165501,Artist,10,4,47,Low
Male,48,52000,Engineer,9,2,36,Low
Male,48,95000,Doctor,2,4,68,High
Female,19,55000,Healthcare,0,3,61,High
Female,17,116463,Artist,8,4,100,High
Female,31,38000,Entertainment,2,6,40,Low
Male,56,104600,Entertainment,6,3,57,High
Female,83,35000,Doctor,8,2,99,High
Male,62,120838,Artist,1,4,79,High
Male,79,86235,Artist,0,2,52,High
Male,71,118096,Lawyer,0,3,36,Low
Female,72,176074,Doctor,1,7,70,High
Female,51,135164,Artist,9,3,75,High
Female,14,50000,Artist,1,2,11,Low
Male,78,184736,Lawyer,13,1,52,High
Female,61,163509,Healthcare,0,4,51,High
Female,94,85265,Executive,7,6,68,High
Female,84,115580,Entertainment,8,5,73,High
Female,55,95975,Executive,0,1,49,Low
Female,8,186682,Entertainment,1,1,86,High
Male,5,64484,Homemaker,0,5,10,Low
Female,10,184522,Artist,0,2,43,Low
Female,43,113575,Entertainment,1,2,6,Low
Male,72,166043,Doctor,7,6,93,High
Female,51,58006,Executive,1,5,83,High
Female,65,56647,Doctor,6,4,12,Low
Female,15,58639,Entertainment,5,7,51,High
Female,13,174530,Lawyer,1,6,30,Low
Male,70,80160,Artist,8,5,10,Low
Female,17,185843,Artist,4,3,36,Low
Female,5,142351,Entertainment,0,7,97,High
Female,89,136037,Marketing,5,1,1,Low
Female,83,150682,Artist,1,1,25,Low
Female,67,116126,Entertainment,10,2,58,High
Female,56,86898,Healthcare,0,6,76,High
Male,64,164675,Executive,0,5,65,High
Male,28,182580,Executive,6,6,60,High
Female,47,143906,Artist,4,3,12,Low
Male,98,125181,Artist,0,7,30,Low
Male,96,97705,Homemaker,8,2,41,Low
Female,25,66952,Entertainment,1,2,79,High
Male,27,84658,Lawyer,4,6,66,High
Female,31,171825,Entertainment,10,4,22,Low
Female,71,154007,Artist,7,7,32,Low
Female,0,120899,Marketing,2,6,7,Low
Female,30,87000,Artist,3,4,78,High
Female,60,132486,Artist,1,2,9,Low
Male,49,91290,Healthcare,7,7,44,Low
Female,1,100429,Entertainment,9,1,19,Low
Female,65,90414,Artist,1,5,55,High
Female,91,134665,Artist,7,2,66,High
Male,75,91456,Artist,1,4,13,Low
Male,55,37000,Lawyer,1,4,74,High
Female,50,87000,Artist,1,2,57,High
Male,68,51468,Artist,0,3,48,Low
Female,21,40000,Healthcare,0,3,10,Low
Female,27,99950,Entertainment,0,4,20,Low
Male,65,120627,Healthcare,0,2,72,High
Female,80,177601,Entertainment,0,2,34,Low
Male,37,87764,Engineer,9,7,59,High
Male,58,105302,Doctor,0,3,75,High
Female,1,89473,Lawyer,10,4,85,High
Male,83,102647,Entertainment,0,2,83,High
Male,88,167112,Lawyer,0,1,34,Low
Female,22,55000,Artist,5,2,55,High
Male,68,102016,Artist,0,4,37,Low
Female,59,108675,Artist,4,5,57,High
Female,50,91389,Healthcare,11,7,92,High
Male,47,95000,Artist,14,2,41,Low
Female,89,110667,Healthcare,2,4,100,High
Female,31,144582,Doctor,1,1,89,High
Female,62,63000,Entertainment,0,2,59,High
Male,32,118280,Artist,0,5,92,High
Female,7,172913,Executive,3,4,94,High
Female,91,181775,Artist,4,5,61,High
Female,31,33000,Artist,1,2,61,High
Female,16,60000,Engineer,6,8,0,Low
Male,20,106941,Artist,1,1,73,High
Male,19,2000,Artist,1,1,46,Low
Male,58,87923,Entertainment,0,5,19,Low
Female,21,34000,Doctor,1,2,73,High
Male,29,87014,Doctor,11,4,71,High
Female,31,189446,Artist,1,6,38,Low
Male,64,163783,Healthcare,3,1,84,High
Male,67,7000,Engineer,1,3,14,Low
Female,1,130089,Artist,0,5,67,High
Male,18,107794,Engineer,0,5,17,Low
Female,90,187339,Healthcare,0,6,62,High
Female,51,141416,Healthcare,15,1,100,High
Female,96,92100,Artist,9,3,23,Low
Female,3,117638,Healthcare,2,7,95,High
Female,92,174786,Executive,4,3,94,High
Female,82,157994,Artist,1,1,92,High
Male,80,84471,Doctor,1,5,79,High
Male,32,85000,Artist,3,4,73,High
Female,66,184060,Artist,10,5,98,High
Male,52,100261,Artist,1,6,10,Low
Male,70,152069,Entertainment,4,4,42,Low
Female,85,104054,Artist,8,4,22,Low
Female,84,97931,Healthcare,9,7,70,High
Male,84,104589,Artist,10,2,85,High
Female,88,166107,Artist,13,4,98,High
Female,60,108509,Doctor,0,2,36,Low
Female,13,60771,Entertainment,1,7,50,Low
Male,34,85000,Healthcare,9,3,16,Low
Male,26,180702,Entertainment,6,1,21,Low
Female,71,184387,Artist,8,7,40,Low
Female,28,178285,Artist,4,7,91,High
Female,70,104974,Artist,1,1,63,High
Female,88,139806,Entertainment,4,4,99,High
Male,40,4000,Artist,0,2,95,High
Female,96,113585,Lawyer,0,4,31,Low
Male,42,68765,Entertainment,4,1,69,High
Male,7,82000,Entertainment,2,2,39,Low
Male,15,94000,Healthcare,7,2,30,Low
Male,40,156411,Artist,6,5,70,High
Female,54,179546,Homemaker,8,4,4,Low
Male,49,106633,Artist,0,3,53,High
Male,55,99423,Healthcare,0,5,82,High
Male,39,140099,Lawyer,0,7,51,High
Male,64,97000,Engineer,0,3,3,Low
Female,58,155672,Entertainment,7,7,71,High
Female,97,94629,Marketing,6,3,17,Low
Female,99,84167,Artist,10,7,46,Low
Female,76,68292,Artist,8,2,55,High
Female,77,81112,Healthcare,5,3,61,High
Female,84,152475,Artist,0,7,12,Low
Male,25,57535,Entertainment,1,7,84,High
Male,93,152571,Doctor,14,5,66,High
Female,3,147548,Executive,4,5,45,Low
Male,30,94480,Executive,0,4,1,Low
Female,89,151176,Healthcare,1,2,55,High
Female,53,86766,Lawyer,16,3,2,Low
Female,78,64057,Doctor,0,3,44,Low
Male,53,107879,Doctor,1,6,3,Low
Male,15,142776,Engineer,8,5,98,High
Female,67,160945,Healthcare,0,5,51,High
Male,30,54251,Artist,2,6,7,Low
Male,85,74081,Healthcare,4,3,87,High
Female,29,66000,Artist,4,4,88,High
Male,81,83771,Artist,1,2,1,Low
Male,94,112426,Engineer,9,6,54,High
Female,92,81839,Entertainment,0,4,11,Low
Male,89,100938,Entertainment,0,7,27,Low
Female,27,68272,Healthcare,8,4,56,High
Male,23,132183,Artist,10,3,76,High
Female,97,129444,Entertainment,5,6,96,High
Female,68,71467,Artist,5,7,81,High
Male,87,122722,Executive,9,4,10,Low
Male,72,82377,Engineer,9,2,37,Low
Male,94,69383,Entertainment,0,2,25,Low
Male,14,74174,Entertainment,1,2,79,High
Female,20,59844,Doctor,0,1,79,High
Male,99,63364,Entertainment,1,2,61,High
Female,75,65528,Marketing,1,5,73,High
Male,59,187253,Executive,8,7,51,High
Female,49,68901,Doctor,7,7,70,High
Male,30,106314,Artist,0,7,16,Low
Male,88,83535,Artist,1,5,56,High
Female,96,91226,Healthcare,0,5,56,High
Female,21,95000,Healthcare,3,4,81,High
Female,99,144176,Marketing,7,2,74,High
Female,67,161646,Healthcare,0,2,36,Low
Male,28,26000,Marketing,8,5,97,High
Female,23,84793,Homemaker,9,6,23,Low
Male,14,149618,Healthcare,4,6,78,High
Male,63,122658,Engineer,6,2,65,High
Female,38,52884,Lawyer,1,1,24,Low
Female,86,98444,Entertainment,7,4,76,High
Male,53,160980,Doctor,4,2,62,High
Male,76,90082,Healthcare,1,6,49,Low
Female,61,180341,Healthcare,1,3,75,High
Female,20,184801,Lawyer,1,1,8,Low
Male,30,111690,Entertainment,10,4,73,High
Male,37,102717,Healthcare,7,4,93,High
Male,18,103896,Executive,16,4,36,Low
Female,4,170403,Artist,4,5,44,Low
Male,5,112884,Healthcare,0,6,43,Low
Female,85,152303,Artist,1,5,68,High
Female,27,156258,Entertainment,0,4,54,High
Female,62,139588,Executive,0,2,66,High
Male,87,90961,Healthcare,9,2,14,Low
Male,39,115916,Doctor,13,6,24,Low
Female,11,59202,Healthcare,5,4,92,High
Male,5,168670,Artist,1,3,37,Low
Male,20,161156,Engineer,0,4,88,High
Female,80,171323,Lawyer,10,4,78,High
Female,3,127172,Healthcare,1,2,68,High
Male,26,79526,Marketing,9,7,6,Low
Female,52,133252,Artist,1,1,55,High
Male,34,134882,Artist,10,3,61,High
Female,41,87975,Homemaker,9,7,5,Low
Female,81,128834,Entertainment,5,4,23,Low
Male,3,55634,Engineer,8,3,53,High
Male,21,184088,Entertainment,11,7,21,Low
Male,6,125591,Healthcare,8,6,79,High
Female,50,183548,Entertainment,1,4,85,High
Female,21,104888,Healthcare,0,4,8,Low
Male,16,133551,Artist,3,1,7,Low
Female,64,115754,Engineer,1,3,35,Low
Female,87,170333,Entertainment,4,2,96,High
Female,47,75293,Doctor,6,7,55,High
Female,99,103706,Entertainment,1,2,50,Low
Female,30,189369,Healthcare,0,3,69,High
Female,31,74000,Artist,1,1,54,High
Female,20,101941,Healthcare,1,3,18,Low
Female,4,75853,Homemaker,4,5,40,Low
Male,60,125968,Lawyer,8,2,100,High
Male,87,167705,Healthcare,0,7,31,Low
Male,28,44000,Doctor,5,3,68,High
Female,62,106982,Entertainment,1,7,53,High
Female,34,93866,Entertainment,9,2,43,Low
Female,13,61917,Artist,7,2,16,Low
Female,81,105255,Executive,8,3,54,High
Male,93,95000,Artist,1,1,21,Low
Female,90,75473,Healthcare,0,7,63,High
Female,78,70689,Artist,1,4,54,High
Female,85,149969,Executive,0,6,78,High
Female,13,176397,Artist,6,3,71,High
Male,71,84622,Doctor,0,6,45,Low
Male,47,66000,Executive,9,5,9,Low
Male,16,9000,Executive,7,4,88,High
Female,67,121528,Healthcare,8,4,92,High
Male,92,171794,Artist,6,5,65,High
Male,21,35000,Engineer,3,3,81,High
Female,90,149840,Engineer,1,1,61,High
Female,54,48000,Lawyer,1,2,59,High
Male,47,52152,Artist,0,3,17,Low
Male,7,129215,Entertainment,9,6,69,High
Female,6,93000,Lawyer,8,2,53,High
Male,76,111717,Healthcare,1,2,41,Low
Female,14,60175,Executive,9,7,60,High
Female,99,145777,Executive,1,5,94,High
Male,68,87040,Artist,9,1,4,Low
Female,34,56492,Homemaker,8,1,15,Low
Female,54,58999,Entertainment,7,3,22,Low
Female,6,101031,Artist,1,1,28,Low
Female,39,69384,Healthcare,1,5,75,High
Female,78,3000,Healthcare,0,4,14,Low
Female,91,156574,Marketing,0,7,96,High
Male,79,73000,Homemaker,6,7,96,High
Female,57,32000,Engineer,0,2,5,Low
Male,41,65723,Artist,6,7,91,High
Female,16,172051,Healthcare,1,3,62,High
Male,29,118092,Entertainment,7,3,100,High
Male,20,84008,Artist,8,4,77,High
Female,64,89972,Artist,10,6,92,High
Female,16,67178,Entertainment,8,3,17,Low
Female,99,57677,Lawyer,0,5,99,High
Female,39,182352,Engineer,4,3,73,High
Male,84,97081,Marketing,1,3,75,High
Male,24,70733,Artist,5,3,63,High
Male,22,64707,Entertainment,7,3,29,Low
Male,73,74350,Lawyer,10,1,39,Low
Female,4,183282,Artist,1,1,34,Low
Female,87,184639,Doctor,1,6,12,Low
Female,98,87878,Artist,1,6,55,High
Male,32,32000,Entertainment,5,2,86,High
Male,18,62362,Lawyer,7,3,81,High
Female,27,10000,Marketing,8,4,89,High
Female,99,174275,Healthcare,0,2,4,Low
Male,95,91352,Doctor,7,3,9,Low
Female,75,116813,Entertainment,10,6,72,High
Female,25,51700,Healthcare,4,6,17,Low
Female,14,153145,Healthcare,8,6,59,High
Female,63,165052,Artist,4,2,12,Low
Female,38,50000,Executive,1,4,40,Low
Female,54,165019,Entertainment,1,2,12,Low
Female,11,83220,Engineer,7,4,21,Low
Female,48,123234,Lawyer,10,7,50,Low
Male,12,187343,Healthcare,6,3,14,Low
Female,20,151124,Artist,15,3,18,Low
Female,26,145491,Entertainment,9,5,72,High
Female,67,93176,Artist,4,1,25,Low
Female,1,12000,Doctor,0,3,82,High
Male,84,137641,Healthcare,0,5,67,High
Female,16,75831,Healthcare,10,7,5,Low
Female,35,99300,Homemaker,5,2,88,High
Female,59,130511,Artist,3,4,97,High
Female,43,133740,Artist,5,4,37,Low
Female,49,88000,Artist,1,2,52,High
Male,99,139685,Healthcare,1,4,20,Low
Female,28,79968,Lawyer,9,2,45,Low
Male,47,66308,Executive,0,4,8,Low
Male,40,185321,Artist,0,7,96,High
Male,82,139008,Artist,1,4,47,Low
Female,45,68000,Healthcare,9,8,32,Low
Female,0,116759,Marketing,7,3,28,Low
Male,1,75518,Lawyer,7,3,17,Low
Male,24,80000,Artist,10,1,52,High
Female,80,125623,Executive,0,4,62,High
Female,26,113707,Entertainment,0,5,97,High
Female,64,156777,Healthcare,7,2,20,Low
Male,45,88707,Healthcare,0,5,81,High
Male,33,109223,Engineer,1,5,43,Low
Female,65,58318,Doctor,1,1,45,Low
Male,94,171677,Artist,0,6,81,High
Female,51,70152,Healthcare,0,2,29,Low
Female,54,144502,Lawyer,3,1,88,High
Female,17,156488,Engineer,1,4,65,High
Male,40,168821,Executive,4,5,36,Low
Female,69,123925,Artist,1,7,52,High
Female,33,150823,Artist,4,1,75,High
Female,59,113389,Doctor,4,6,79,High
Male,97,175996,Entertainment,10,4,42,Low
Female,31,161211,Lawyer,9,1,10,Low
Female,95,159010,Lawyer,6,2,84,High
Female,20,124852,Healthcare,5,5,39,Low
Male,90,63769,Artist,4,2,6,Low
Female,64,64756,Marketing,10,1,17,Low
Female,24,173091,Entertainment,6,2,24,Low
Female,32,123246,Homemaker,8,6,100,High
Female,18,86203,Doctor,13,1,23,Low
Female,69,153217,Healthcare,1,6,83,High
Female,0,143082,Entertainment,0,7,63,High
Female,91,53788,Doctor,0,2,57,High
Female,49,122556,Artist,9,7,74,High
Female,30,140190,Engineer,1,4,49,Low
Female,11,152765,Healthcare,8,1,17,Low
Female,72,112146,Homemaker,8,4,21,Low
Female,96,85447,Artist,9,6,4,Low
Male,9,27000,Entertainment,7,1,62,High
Male,36,55109,Artist,8,3,53,High
Female,51,66852,Executive,15,3,73,High
Male,69,143987,Healthcare,10,5,87,High
Female,67,184628,Artist,12,2,38,Low
Female,13,140673,Artist,6,7,49,Low
Female,8,116858,Artist,5,7,67,High
Female,81,142013,Entertainment,3,4,81,High
Female,37,18000,Artist,1,2,57,High
Female,31,186334,Artist,0,1,37,Low
Male,14,161120,Executive,0,1,69,High
Male,95,167578,Entertainment,0,1,66,High
Male,43,187841,Artist,1,4,38,Low
Female,17,186577,Healthcare,8,5,5,Low
Male,89,127479,Doctor,10,2,18,Low
Male,95,178228,Engineer,1,2,45,Low
Male,46,149764,Entertainment,0,6,1,Low
Female,30,84885,Entertainment,6,5,9,Low
Female,0,147719,Lawyer,1,7,86,High
Female,60,77857,Artist,1,6,81,High
Female,86,98344,Artist,6,6,25,Low
Male,65,90084,Artist,1,6,65,High
Female,69,120752,Executive,1,6,27,Low
Male,12,109618,Artist,7,3,97,High
Male,89,122430,Healthcare,1,1,19,Low
Male,8,74407,Doctor,0,6,100,High
Male,0,126060,Doctor,1,3,92,High
Male,99,164781,Engineer,0,2,83,High
Male,86,129914,Artist,1,3,92,High
Male,94,127927,Doctor,0,4,48,Low
Female,35,52374,Artist,1,1,73,High
Male,6,169299,Marketing,1,5,46,Low
Female,16,189072,Artist,6,3,86,High
Female,41,61355,Healthcare,1,3,13,Low
Female,82,99983,Executive,0,1,88,High
Female,62,172758,Entertainment,1,2,69,High
Female,68,46000,Entertainment,0,3,55,High
Female,74,76149,Artist,9,6,48,Low
Female,77,47000,Artist,0,6,58,High
Female,91,60856,Artist,1,6,23,Low
Male,87,71318,Healthcare,1,3,22,Low
Female,28,116644,Artist,6,3,88,High
Female,23,144916,Engineer,1,7,84,High
Male,2,175208,Executive,8,4,43,Low
Female,49,176954,Artist,5,6,57,High
Female,29,62000,Healthcare,0,4,34,Low
Female,30,148236,Executive,1,1,28,Low
Female,38,96794,Healthcare,6,3,96,High
Female,68,72847,Artist,1,2,93,High
Male,60,185794,Entertainment,7,1,69,High
Male,57,102692,Healthcare,0,2,94,High
Female,14,177701,Entertainment,0,6,49,Low
Male,28,130267,Engineer,8,4,45,Low
Female,66,118385,Healthcare,10,3,8,Low
Female,66,132951,Healthcare,4,1,26,Low
Female,35,62000,Artist,0,1,98,High
Male,3,133602,Artist,1,1,47,Low
Male,21,85339,Doctor,4,7,6,Low
Male,83,135268,Lawyer,4,5,53,High
Female,34,74358,Artist,0,6,60,High
Male,43,33000,Artist,4,3,55,High
Male,20,80000,Engineer,3,3,49,Low
Female,61,140516,Artist,0,3,50,Low
Female,92,114571,Executive,1,3,51,High
Female,71,152910,Artist,1,6,90,High
Female,83,52590,Healthcare,0,4,3,Low
Male,16,100939,Healthcare,7,6,34,Low
Male,56,97562,Executive,5,6,15,Low
Male,54,51166,Entertainment,0,7,24,Low
Female,48,167232,Doctor,6,4,92,High
Male,73,172011,Doctor,1,5,9,Low
Female,39,62935,Artist,0,7,60,High
Female,30,28000,Artist,3,4,86,High
Female,98,128037,Entertainment,6,2,39,Low
Male,28,81545,Artist,4,7,36,Low
Male,67,120000,Artist,8,1,41,Low
Female,40,31000,Entertainment,1,2,40,Low
Female,1,108342,Doctor,0,3,97,High
Female,44,177513,Lawyer,1,5,81,High
Female,63,184830,Doctor,9,3,60,High
Female,46,34000,Entertainment,8,4,44,Low
Female,57,87553,Artist,1,1,94,High
Female,18,183071,Artist,7,4,29,Low
Male,96,136265,Artist,12,5,49,Low
Male,47,162332,Entertainment,1,5,72,High
Male,29,133587,Marketing,5,3,74,High
Female,47,83043,Executive,0,1,76,High
Male,79,95839,Executive,7,2,30,Low
Male,17,79000,Artist,1,3,16,Low
Female,83,156839,Artist,3,7,38,Low
Male,89,100155,Healthcare,6,1,5,Low
Female,15,99421,Artist,8,7,72,High
Female,56,98980,Engineer,0,1,65,High
Male,90,68138,Healthcare,2,7,18,Low
Female,9,168269,Executive,10,2,75,High
Male,90,89667,Artist,0,2,69,High
Female,0,22000,Artist,2,1,92,High
Female,63,64589,Engineer,7,1,90,High
Female,55,66728,Healthcare,10,5,50,Low
Female,66,134677,Healthcare,15,5,59,High
Female,12,82382,Executive,1,3,97,High
Female,43,124256,Marketing,1,7,67,High
Female,94,183643,Artist,5,5,51,High
Female,37,41000,Artist,1,2,2,Low
Female,60,185306,Entertainment,0,2,47,Low
Female,36,57000,Artist,0,3,27,Low
Female,47,80000,Healthcare,0,4,16,Low
Male,37,102413,Healthcare,5,5,38,Low
Female,54,132046,Homemaker,4,4,8,Low
Female,44,17000,Engineer,0,2,20,Low
Female,56,132860,Healthcare,7,2,17,Low
Female,52,82478,Executive,10,1,95,High
Female,8,119104,Entertainment,14,3,41,Low
Female,88,146970,Artist,7,6,90,High
Female,1,178214,Artist,1,7,17,Low
Female,38,45000,Artist,10,4,91,High
Female,59,189672,Doctor,0,7,8,Low
Female,48,74308,Entertainment,1,2,23,Low
Female,89,122707,Homemaker,2,3,64,High
Male,70,76892,Executive,5,2,64,High
Female,83,142720,Executive,0,1,86,High
Female,52,125508,Artist,1,6,15,Low
Female,32,66089,Artist,6,3,75,High
Female,52,119567,Artist,5,2,19,Low
Male,2,72889,Homemaker,5,7,36,Low
Female,56,100271,Artist,1,5,87,High
Female,3,158549,Executive,0,3,98,High
Female,93,166018,Doctor,0,3,71,High
Female,4,181471,Healthcare,10,4,59,High
Male,21,163509,Healthcare,10,1,21,Low
Male,3,60933,Doctor,8,1,30,Low
Female,36,166007,Doctor,1,4,40,Low
Male,76,82315,Engineer,6,1,53,High
Female,83,129507,Healthcare,4,7,93,High
Male,57,50429,Artist,0,1,23,Low
Female,91,69720,Lawyer,17,6,78,High
Female,34,154888,Healthcare,9,6,43,Low
Male,4,141336,Homemaker,2,1,93,High
Female,70,157307,Executive,4,3,23,Low
Female,50,136660,Entertainment,1,3,48,Low
Female,98,167197,Doctor,1,5,63,High
Female,9,84781,Executive,1,3,14,Low
Female,6,122961,Doctor,8,2,47,Low
Female,95,66322,Artist,0,3,88,High
Female,7,74928,Artist,0,6,12,Low
Male,8,175407,Artist,5,1,2,Low
Female,47,129019,Healthcare,0,3,57,High
Male,53,59000,Healthcare,1,3,4,Low
Female,57,70373,Healthcare,2,6,10,Low
Female,18,62651,Entertainment,0,2,13,Low
Male,46,137973,Healthcare,7,7,50,Low
Female,96,186882,Entertainment,1,7,40,Low
Female,60,174768,Entertainment,9,2,66,High
Male,16,172601,Marketing,4,6,50,Low
Female,83,174159,Lawyer,4,4,22,Low
Female,87,128153,Artist,7,6,42,Low
Male,42,79000,Homemaker,9,3,20,Low
Female,78,91213,Lawyer,3,5,84,High
Female,23,73759,Doctor,0,7,83,High
Male,90,70201,Engineer,0,2,8,Low
Male,91,94846,Engineer,0,5,95,High
Male,26,52000,Executive,0,5,55,High
Male,70,124359,Homemaker,7,7,51,High
Female,95,117763,Artist,1,2,42,Low
Male,97,112783,Artist,9,6,21,Low
Female,45,78000,Artist,0,2,28,Low
Female,43,140876,Entertainment,0,4,90,High
Male,22,162598,Artist,8,3,84,High
Male,66,125024,Artist,0,1,25,Low
Female,90,62504,Artist,10,4,99,High
Female,28,62000,Doctor,5,3,40,Low
Male,15,131061,Healthcare,0,7,92,High
Female,72,111587,Artist,7,4,99,High
Male,56,137428,Artist,0,2,87,High
Female,52,121172,Healthcare,5,4,97,High
Female,82,82060,Healthcare,7,1,46,Low
Male,67,94199,Artist,5,7,71,High
Female,38,145704,Marketing,0,4,82,High
Male,23,65641,Entertainment,4,5,50,Low
Male,67,119625,Healthcare,4,4,3,Low
Male,2,119097,Healthcare,0,7,40,Low
Female,31,181773,Healthcare,8,1,40,Low
Male,49,81084,Executive,6,5,48,Low
Male,89,63379,Artist,12,7,59,High
Male,90,182910,Entertainment,0,1,86,High
Male,88,131584,Artist,7,3,18,Low
Male,61,99980,Healthcare,10,1,94,High
Female,2,122698,Entertainment,8,1,100,High
Female,80,67781,Entertainment,4,4,1,Low
Male,58,95172,Healthcare,1,5,77,High
Female,7,136231,Artist,7,1,10,Low
Male,45,138775,Executive,0,7,17,Low
Male,4,96693,Entertainment,0,4,28,Low
Female,19,180331,Artist,17,5,14,Low
Male,97,66312,Entertainment,0,1,75,High
Female,38,92000,Artist,2,2,76,High
Male,4,180324,Artist,9,2,41,Low
Male,60,150019,Doctor,1,2,37,Low
Female,14,94655,Healthcare,8,1,9,Low
Male,79,146130,Entertainment,6,6,20,Low
Female,6,162858,Artist,0,1,91,High
Female,25,156793,Marketing,2,4,57,High
Female,58,149237,Entertainment,8,6,80,High
Female,90,117319,Lawyer,1,2,21,Low
Female,65,115299,Artist,6,3,87,High
Female,89,150187,Healthcare,0,5,35,Low
Male,28,62186,Marketing,0,1,29,Low
Female,81,148594,Entertainment,3,5,29,Low
Female,10,148908,Healthcare,2,3,10,Low
Male,44,73760,Entertainment,1,6,70,High
Female,14,66760,Artist,0,4,20,Low
Female,12,98532,Doctor,0,6,52,High
Female,38,161130,Artist,8,3,98,High
Male,77,117920,Doctor,10,4,4,Low
Female,80,178866,Artist,8,4,97,High
Male,58,78669,Artist,1,7,75,High
Male,96,135042,Artist,0,7,12,Low
Female,60,10000,Healthcare,8,4,56,High
Female,27,44000,Doctor,8,1,65,High
Male,64,142612,Doctor,4,6,58,High
Female,91,107323,Engineer,7,7,1,Low
Female,79,31000,Engineer,3,3,91,High
Male,37,149103,Healthcare,10,1,3,Low
Male,97,142214,Artist,7,4,32,Low
Male,50,168898,Artist,9,7,41,Low
Female,50,56000,Doctor,0,2,46,Low
Male,81,152602,Entertainment,0,1,91,High
Male,20,119952,Healthcare,8,2,2,Low
Female,25,106569,Engineer,1,3,84,High
Female,53,140107,Healthcare,1,5,38,Low
Male,89,74820,Doctor,1,2,33,Low
Male,25,71000,Engineer,0,5,12,Low
Female,23,127971,Artist,1,5,56,High
Female,71,91823,Artist,1,4,74,High
Female,60,186069,Marketing,1,2,49,Low
Female,50,18000,Marketing,1,1,45,Low
Male,70,87976,Lawyer,1,6,38,Low
Male,11,152684,Lawyer,0,3,24,Low
Male,9,165194,Artist,8,3,10,Low
Female,31,143241,Executive,4,7,81,High
Male,89,69719,Artist,9,2,47,Low
Male,34,171353,Doctor,8,4,34,Low
Female,3,126015,Healthcare,0,1,57,High
Male,74,175041,Artist,4,1,25,Low
Male,80,93253,Artist,4,5,51,High
Female,91,51742,Artist,8,3,33,Low
Male,98,104249,Engineer,5,2,12,Low
Female,41,186470,Artist,0,7,21,Low
Female,46,114435,Artist,8,3,34,Low
Male,64,93000,Lawyer,0,2,67,High
Male,21,159572,Healthcare,5,5,42,Low
Female,65,72313,Lawyer,1,5,36,Low
Male,67,89366,Healthcare,9,3,55,High
Female,98,51866,Artist,12,7,81,High
Female,20,92048,Healthcare,1,1,91,High
Male,15,164520,Artist,1,7,47,Low
Female,37,148544,Entertainment,1,2,56,High
Male,8,104953,Doctor,1,6,57,High
Female,84,173185,Artist,3,1,99,High
Male,40,99000,Artist,4,3,48,Low
Female,93,73642,Marketing,0,3,50,Low
Female,32,130118,Artist,0,4,36,Low
Male,69,185067,Lawyer,5,4,49,Low
Female,68,89765,Artist,0,7,28,Low
Female,96,102788,Artist,0,1,51,High
Female,87,70419,Homemaker,6,4,69,High
Male,41,113998,Healthcare,7,7,26,Low
Female,81,111174,Entertainment,9,6,48,Low
Male,19,81000,Artist,0,4,59,High
Female,84,151340,Artist,1,7,95,High
Female,18,62151,Artist,8,2,18,Low
Female,96,168990,Doctor,9,5,81,High
Female,45,152560,Entertainment,9,2,32,Low
Female,38,181108,Homemaker,1,1,32,Low
Female,22,58000,Artist,0,2,76,High
Female,85,119557,Artist,0,2,35,Low
Female,20,86000,Engineer,1,1,6,Low
Male,56,131911,Healthcare,7,7,42,Low
Female,97,172747,Artist,7,2,76,High
Female,55,90558,Healthcare,8,2,49,Low
Female,48,151519,Artist,7,2,93,High
Female,74,56848,Artist,5,1,41,Low
Female,73,102296,Entertainment,7,5,31,Low
Male,8,151648,Healthcare,8,6,98,High
Male,33,137094,Lawyer,4,1,68,High
Male,24,119238,Artist,1,3,55,High
Male,85,85758,Lawyer,10,4,35,Low
Male,75,145528,Healthcare,1,2,61,High
Female,64,77914,Artist,1,6,11,Low
Male,48,167517,Artist,2,7,27,Low
Male,67,98000,Artist,0,3,59,High
Female,2,56782,Artist,9,5,10,Low
Male,93,88811,Engineer,0,4,52,High
Female,32,110846,Artist,0,2,49,Low
Female,12,138425,Doctor,11,6,78,High
Female,59,174890,Marketing,3,4,14,Low
Female,86,159964,Engineer,5,6,57,High
Female,21,24000,Marketing,1,3,57,High
Female,10,86925,Artist,7,2,76,High
Male,83,180887,Entertainment,1,1,59,High
Female,30,98000,Artist,1,4,72,High
Male,42,53392,Artist,6,4,89,High
Female,78,126599,Lawyer,0,3,84,High
Female,29,50000,Healthcare,1,5,83,High
Female,40,18000,Artist,0,1,31,Low
Female,66,178627,Healthcare,1,2,94,High
Female,45,55472,Healthcare,1,3,51,High
Male,59,161091,Engineer,9,1,56,High
Male,83,73410,Entertainment,8,5,50,Low
Female,95,76646,Artist,0,1,61,High
Female,32,112246,Healthcare,8,3,30,Low
Female,17,103739,Healthcare,6,4,62,High
Female,34,58979,Entertainment,9,5,3,Low
Male,25,100964,Marketing,1,6,96,High
Male,29,145934,Marketing,10,2,40,Low
Female,78,23000,Engineer,1,1,8,Low
Female,1,111424,Entertainment,8,5,80,High
Male,93,159006,Artist,8,6,26,Low
Female,36,95000,Artist,4,2,85,High
Male,55,148875,Artist,0,4,99,High
Male,9,130186,Artist,9,7,88,High
Male,36,75178,Entertainment,1,7,41,Low
Female,60,81934,Healthcare,1,4,81,High
Female,63,10000,Healthcare,8,3,52,High
Male,83,126669,Artist,1,6,53,High
Male,13,178989,Doctor,14,3,46,Low
Male,27,152717,Executive,1,6,15,Low
Male,74,51260,Entertainment,5,5,43,Low
Male,14,164659,Entertainment,1,6,59,High
Male,63,147278,Lawyer,0,4,51,High
Female,49,79000,Artist,0,2,59,High
Female,23,59000,Lawyer,0,2,77,High
Female,69,171118,Engineer,9,3,91,High
Female,31,145015,Healthcare,6,3,73,High
Male,13,140950,Artist,15,2,77,High
Female,37,169381,Entertainment,0,4,45,Low
Male,22,51000,Healthcare,1,2,79,High
Female,51,117620,Healthcare,7,6,60,High
Female,16,91358,Entertainment,1,4,11,Low
Female,54,67000,Executive,1,3,14,Low
Female,63,176783,Doctor,9,4,40,Low
Male,65,186673,Doctor,1,1,51,High
Male,62,186157,Healthcare,1,1,54,High
Male,66,182937,Marketing,8,1,44,Low
Male,39,41000,Engineer,0,1,88,High
Female,84,53622,Artist,0,3,27,Low
Female,65,114244,Artist,0,1,64,High
Female,41,76000,Engineer,8,2,17,Low
Female,36,62617,Artist,9,3,10,Low
Male,34,109263,Entertainment,0,1,77,High
Male,54,166183,Artist,7,6,65,High
Male,44,182748,Engineer,1,7,58,High
Male,37,133850,Marketing,9,3,85,High
Male,95,70174,Executive,10,6,6,Low
Male,89,130431,Healthcare,6,3,52,High
Male,92,96424,Artist,8,5,74,High
Female,93,19000,Engineer,1,3,58,High
Female,77,160351,Lawyer,8,5,77,High
Female,9,146950,Doctor,6,5,92,High
Female,8,76561,Healthcare,0,1,79,High
Female,98,65031,Artist,0,4,23,Low
Female,65,86509,Artist,0,4,88,High
Female,3,188557,Healthcare,9,2,4,Low
Female,19,181795,Healthcare,3,5,59,High
Female,70,62901,Artist,8,5,60,High
Female,43,85000,Marketing,1,2,63,High
Male,36,85737,Executive,0,3,37,Low
Female,48,174109,Entertainment,0,1,96,High
Female,78,3000,Artist,5,4,14,Low
Female,66,69000,Executive,9,3,43,Low
Female,3,183851,Doctor,1,2,10,Low
Male,85,142723,Engineer,0,6,46,Low
Male,0,151298,Artist,0,6,89,High
Female,35,111871,Doctor,10,1,30,Low
Female,52,93947,Healthcare,9,2,81,High
Female,30,62000,Healthcare,1,5,73,High
Female,13,104512,Marketing,9,3,40,Low
Male,8,119780,Healthcare,1,3,71,High
Male,45,183217,Artist,7,2,91,High
Male,91,97879,Entertainment,15,7,40,Low
Male,94,188107,Engineer,10,2,52,High
Female,53,67916,Healthcare,0,6,82,High
Female,25,111379,Artist,0,2,93,High
Male,40,171949,Doctor,1,6,11,Low
Male,60,167420,Artist,5,2,38,Low
Female,53,145678,Executive,0,1,55,High
Female,54,119223,Lawyer,10,7,58,High
Female,34,8000,Entertainment,6,6,76,High
Male,6,107117,Artist,1,3,44,Low
Female,75,135088,Lawyer,1,5,5,Low
Female,3,136316,Executive,0,3,88,High
